Date Purchased,Quantity,Player,Year,Set,Variation,Number,Category,Condition,Investment,Estimated Value,Ladder ID,Notes,Date Sold,Sold Price,Image
08/23/2026,1,Player 001,2021,Topps Chrome,,001,Baseball,Raw,5.0,15.0,,8492-001,,,
08/23/2026,1,Player 002,2021,Topps Chrome,,002,Baseball,Raw,5.0,15.0,,8492-002,,,
08/23/2026,1,Player 003,2021,Topps Chrome,,003,Baseball,Raw,5.0,15.0,,8492-003,,,
08/23/2026,1,Player 004,2021,Topps Chrome,,004,Baseball,Raw,5.0,15.0,,8492-004,,,
08/23/2026,1,Player 005,2021,Topps Chrome,,005,Baseball,Raw,5.0,15.0,,8492-005,,,
08/23/2026,1,Player 006,2021,Topps Chrome,,006,Baseball,Raw,5.0,15.0,,8492-006,,,
08/23/2026,1,Player 007,2021,Topps Chrome,,007,Baseball,Raw,5.0,15.0,,8492-007,,,
08/23/2026,1,Player 008,2021,Topps Chrome,,008,Baseball,Raw,5.0,15.0,,8492-008,,,
08/23/2026,1,Player 009,2021,Topps Chrome,,009,Baseball,Raw,5.0,15.0,,8492-009,,,
08/23/2026,1,Player 010,2021,Topps Chrome,,010,Baseball,Raw,5.0,15.0,,8492-010,,,
08/23/2026,1,Player 011,2021,Topps Chrome,,011,Baseball,Raw,5.0,15.0,,8492-011,,,
08/23/2026,1,Player 012,2021,Topps Chrome,,012,Baseball,Raw,5.0,15.0,,8492-012,,,
08/23/2026,1,Player 013,2021,Topps Chrome,,013,Baseball,Raw,5.0,15.0,,8492-013,,,
08/23/2026,1,Player 014,2021,Topps Chrome,,014,Baseball,Raw,5.0,15.0,,8492-014,,,
08/23/2026,1,Player 015,2021,Topps Chrome,,015,Baseball,Raw,5.0,15.0,,8492-015,,,
08/23/2026,1,Player 016,2021,Topps Chrome,,016,Baseball,Raw,5.0,15.0,,8492-016,,,
08/23/2026,1,Player 017,2021,Topps Chrome,,017,Baseball,Raw,5.0,15.0,,8492-017,,,
08/23/2026,1,Player 018,2021,Topps Chrome,,018,Baseball,Raw,5.0,15.0,,8492-018,,,
08/23/2026,1,Player 019,2021,Topps Chrome,,019,Baseball,Raw,5.0,15.0,,8492-019,,,
08/23/2026,1,Player 020,2021,Topps Chrome,,020,Baseball,Raw,5.0,15.0,,8492-020,,,
08/23/2026,1,Player 021,2021,Topps Chrome,,021,Baseball,Raw,5.0,15.0,,8492-021,,,
08/23/2026,1,Player 022,2021,Topps Chrome,,022,Baseball,Raw,5.0,15.0,,8492-022,,,
08/23/2026,1,Player 023,2021,Topps Chrome,,023,Baseball,Raw,5.0,15.0,,8492-023,,,
08/23/2026,1,Player 024,2021,Topps Chrome,,024,Baseball,Raw,5.0,15.0,,8492-024,,,
08/23/2026,1,Player 025,2021,Topps Chrome,,025,Baseball,Raw,5.0,15.0,,8492-025,,,
08/23/2026,1,Player 026,2021,Topps Chrome,,026,Baseball,Raw,5.0,15.0,,8492-026,,,
08/23/2026,1,Player 027,2021,Topps Chrome,,027,Baseball,Raw,5.0,15.0,,8492-027,,,
08/23/2026,1,Player 028,2021,Topps Chrome,,028,Baseball,Raw,5.0,15.0,,8492-028,,,
08/23/2026,1,Player 029,2021,Topps Chrome,,029,Baseball,Raw,5.0,15.0,,8492-029,,,
08/23/2026,1,Player 030,2021,Topps Chrome,,030,Baseball,Raw,5.0,15.0,,8492-030,,,
08/23/2026,1,Player 031,2021,Topps Chrome,,031,Baseball,Raw,5.0,15.0,,8492-031,,,
08/23/2026,1,Player 032,2021,Topps Chrome,,032,Baseball,Raw,5.0,15.0,,8492-032,,,
08/23/2026,1,Player 033,2021,Topps Chrome,,033,Baseball,Raw,5.0,15.0,,8492-033,,,
08/23/2026,1,Player 034,2021,Topps Chrome,,034,Baseball,Raw,5.0,15.0,,8492-034,,,
08/23/2026,1,Player 035,2021,Topps Chrome,,035,Baseball,Raw,5.0,15.0,,8492-035,,,
08/23/2026,1,Player 036,2021,Topps Chrome,,036,Baseball,Raw,5.0,15.0,,8492-036,,,
08/23/2026,1,Player 037,2021,Topps Chrome,,037,Baseball,Raw,5.0,15.0,,8492-037,,,
08/23/2026,1,Player 038,2021,Topps Chrome,,038,Baseball,Raw,5.0,15.0,,8492-038,,,
08/23/2026,1,Player 039,2021,Topps Chrome,,039,Baseball,Raw,5.0,15.0,,8492-039,,,
08/23/2026,1,Player 040,2021,Topps Chrome,,040,Baseball,Raw,5.0,15.0,,8492-040,,,
08/23/2026,1,Player 041,2021,Topps Chrome,,041,Baseball,Raw,5.0,15.0,,8492-041,,,
08/23/2026,1,Player 042,2021,Topps Chrome,,042,Baseball,Raw,5.0,15.0,,8492-042,,,
08/23/2026,1,Player 043,2021,Topps Chrome,,043,Baseball,Raw,5.0,15.0,,8492-043,,,
08/23/2026,1,Player 044,2021,Topps Chrome,,044,Baseball,Raw,5.0,15.0,,8492-044,,,
08/23/2026,1,Player 045,2021,Topps Chrome,,045,Baseball,Raw,5.0,15.0,,8492-045,,,
08/23/2026,1,Player 046,2021,Topps Chrome,,046,Baseball,Raw,5.0,15.0,,8492-046,,,
08/23/2026,1,Player 047,2021,Topps Chrome,,047,Baseball,Raw,5.0,15.0,,8492-047,,,
08/23/2026,1,Player 048,2021,Topps Chrome,,048,Baseball,Raw,5.0,15.0,,8492-048,,,
08/23/2026,1,Player 049,2021,Topps Chrome,,049,Baseball,Raw,5.0,15.0,,8492-049,,,
08/23/2026,1,Player 050,2021,Topps Chrome,,050,Baseball,Raw,5.0,15.0,,8492-050,,,
08/23/2026,1,Player 051,2021,Topps Chrome,,051,Baseball,Raw,5.0,15.0,,8492-051,,,
08/23/2026,1,Player 052,2021,Topps Chrome,,052,Baseball,Raw,5.0,15.0,,8492-052,,,
08/23/2026,1,Player 053,2021,Topps Chrome,,053,Baseball,Raw,5.0,15.0,,8492-053,,,
08/23/2026,1,Player 054,2021,Topps Chrome,,054,Baseball,Raw,5.0,15.0,,8492-054,,,
08/23/2026,1,Player 055,2021,Topps Chrome,,055,Baseball,Raw,5.0,15.0,,8492-055,,,
08/23/2026,1,Player 056,2021,Topps Chrome,,056,Baseball,Raw,5.0,15.0,,8492-056,,,
08/23/2026,1,Player 057,2021,Topps Chrome,,057,Baseball,Raw,5.0,15.0,,8492-057,,,
08/23/2026,1,Player 058,2021,Topps Chrome,,058,Baseball,Raw,5.0,15.0,,8492-058,,,
08/23/2026,1,Player 059,2021,Topps Chrome,,059,Baseball,Raw,5.0,15.0,,8492-059,,,
08/23/2026,1,Player 060,2021,Topps Chrome,,060,Baseball,Raw,5.0,15.0,,8492-060,,,
08/23/2026,1,Player 061,2021,Topps Chrome,,061,Baseball,Raw,5.0,15.0,,8492-061,,,
08/23/2026,1,Player 062,2021,Topps Chrome,,062,Baseball,Raw,5.0,15.0,,8492-062,,,
08/23/2026,1,Player 063,2021,Topps Chrome,,063,Baseball,Raw,5.0,15.0,,8492-063,,,
08/23/2026,1,Player 064,2021,Topps Chrome,,064,Baseball,Raw,5.0,15.0,,8492-064,,,
08/23/2026,1,Player 065,2021,Topps Chrome,,065,Baseball,Raw,5.0,15.0,,8492-065,,,
08/23/2026,1,Player 066,2021,Topps Chrome,,066,Baseball,Raw,5.0,15.0,,8492-066,,,
08/23/2026,1,Player 067,2021,Topps Chrome,,067,Baseball,Raw,5.0,15.0,,8492-067,,,
08/23/2026,1,Player 068,2021,Topps Chrome,,068,Baseball,Raw,5.0,15.0,,8492-068,,,
08/23/2026,1,Player 069,2021,Topps Chrome,,069,Baseball,Raw,5.0,15.0,,8492-069,,,
08/23/2026,1,Player 070,2021,Topps Chrome,,070,Baseball,Raw,5.0,15.0,,8492-070,,,
08/23/2026,1,Player 071,2021,Topps Chrome,,071,Baseball,Raw,5.0,15.0,,8492-071,,,
08/23/2026,1,Player 072,2021,Topps Chrome,,072,Baseball,Raw,5.0,15.0,,8492-072,,,
08/23/2026,1,Player 073,2021,Topps Chrome,,073,Baseball,Raw,5.0,15.0,,8492-073,,,
08/23/2026,1,Player 074,2021,Topps Chrome,,074,Baseball,Raw,5.0,15.0,,8492-074,,,
08/23/2026,1,Player 075,2021,Topps Chrome,,075,Baseball,Raw,5.0,15.0,,8492-075,,,
08/23/2026,1,Player 076,2021,Topps Chrome,,076,Baseball,Raw,5.0,15.0,,8492-076,,,
08/23/2026,1,Player 077,2021,Topps Chrome,,077,Baseball,Raw,5.0,15.0,,8492-077,,,
08/23/2026,1,Player 078,2021,Topps Chrome,,078,Baseball,Raw,5.0,15.0,,8492-078,,,
08/23/2026,1,Player 079,2021,Topps Chrome,,079,Baseball,Raw,5.0,15.0,,8492-079,,,
08/23/2026,1,Player 080,2021,Topps Chrome,,080,Baseball,Raw,5.0,15.0,,8492-080,,,
08/23/2026,1,Player 081,2021,Topps Chrome,,081,Baseball,Raw,5.0,15.0,,8492-081,,,
08/23/2026,1,Player 082,2021,Topps Chrome,,082,Baseball,Raw,5.0,15.0,,8492-082,,,
08/23/2026,1,Player 083,2021,Topps Chrome,,083,Baseball,Raw,5.0,15.0,,8492-083,,,
08/23/2026,1,Player 084,2021,Topps Chrome,,084,Baseball,Raw,5.0,15.0,,8492-084,,,
08/23/2026,1,Player 085,2021,Topps Chrome,,085,Baseball,Raw,5.0,15.0,,8492-085,,,
08/23/2026,1,Player 086,2021,Topps Chrome,,086,Baseball,Raw,5.0,15.0,,8492-086,,,
08/23/2026,1,Player 087,2021,Topps Chrome,,087,Baseball,Raw,5.0,15.0,,8492-087,,,
08/23/2026,1,Player 088,2021,Topps Chrome,,088,Baseball,Raw,5.0,15.0,,8492-088,,,
08/23/2026,1,Player 089,2021,Topps Chrome,,089,Baseball,Raw,5.0,15.0,,8492-089,,,
08/23/2026,1,Player 090,2021,Topps Chrome,,090,Baseball,Raw,5.0,15.0,,8492-090,,,
08/23/2026,1,Player 091,2021,Topps Chrome,,091,Baseball,Raw,5.0,15.0,,8492-091,,,
08/23/2026,1,Player 092,2021,Topps Chrome,,092,Baseball,Raw,5.0,15.0,,8492-092,,,
08/23/2026,1,Player 093,2021,Topps Chrome,,093,Baseball,Raw,5.0,15.0,,8492-093,,,
08/23/2026,1,Player 094,2021,Topps Chrome,,094,Baseball,Raw,5.0,15.0,,8492-094,,,
08/23/2026,1,Player 095,2021,Topps Chrome,,095,Baseball,Raw,5.0,15.0,,8492-095,,,
08/23/2026,1,Player 096,2021,Topps Chrome,,096,Baseball,Raw,5.0,15.0,,8492-096,,,
08/23/2026,1,Player 097,2021,Topps Chrome,,097,Baseball,Raw,5.0,15.0,,8492-097,,,
08/23/2026,1,Player 098,2021,Topps Chrome,,098,Baseball,Raw,5.0,15.0,,8492-098,,,
08/23/2026,1,Player 099,2021,Topps Chrome,,099,Baseball,Raw,5.0,15.0,,8492-099,,,
08/23/2026,1,Player 100,2021,Topps Chrome,,100,Baseball,Raw,5.0,15.0,,8492-100,,,
08/23/2026,1,Player 101,2021,Topps Chrome,,101,Baseball,Raw,5.0,15.0,,8492-101,,,
08/23/2026,1,Player 102,2021,Topps Chrome,,102,Baseball,Raw,5.0,15.0,,8492-102,,,
08/23/2026,1,Player 103,2021,Topps Chrome,,103,Baseball,Raw,5.0,15.0,,8492-103,,,
08/23/2026,1,Player 104,2021,Topps Chrome,,104,Baseball,Raw,5.0,15.0,,8492-104,,,
08/23/2026,1,Player 105,2021,Topps Chrome,,105,Baseball,Raw,5.0,15.0,,8492-105,,,
08/23/2026,1,Player 106,2021,Topps Chrome,,106,Baseball,Raw,5.0,15.0,,8492-106,,,
08/23/2026,1,Player 107,2021,Topps Chrome,,107,Baseball,Raw,5.0,15.0,,8492-107,,,
08/23/2026,1,Player 108,2021,Topps Chrome,,108,Baseball,Raw,5.0,15.0,,8492-108,,,
08/23/2026,1,Player 109,2021,Topps Chrome,,109,Baseball,Raw,5.0,15.0,,8492-109,,,
08/23/2026,1,Player 110,2021,Topps Chrome,,110,Baseball,Raw,5.0,15.0,,8492-110,,,
08/23/2026,1,Player 111,2021,Topps Chrome,,111,Baseball,Raw,5.0,15.0,,8492-111,,,
08/23/2026,1,Player 112,2021,Topps Chrome,,112,Baseball,Raw,5.0,15.0,,8492-112,,,
08/23/2026,1,Player 113,2021,Topps Chrome,,113,Baseball,Raw,5.0,15.0,,8492-113,,,
08/23/2026,1,Player 114,2021,Topps Chrome,,114,Baseball,Raw,5.0,15.0,,8492-114,,,
08/23/2026,1,Player 115,2021,Topps Chrome,,115,Baseball,Raw,5.0,15.0,,8492-115,,,
08/23/2026,1,Player 116,2021,Topps Chrome,,116,Baseball,Raw,5.0,15.0,,8492-116,,,
08/23/2026,1,Player 117,2021,Topps Chrome,,117,Baseball,Raw,5.0,15.0,,8492-117,,,
08/23/2026,1,Player 118,2021,Topps Chrome,,118,Baseball,Raw,5.0,15.0,,8492-118,,,
08/23/2026,1,Player 119,2021,Topps Chrome,,119,Baseball,Raw,5.0,15.0,,8492-119,,,
08/23/2026,1,Player 120,2021,Topps Chrome,,120,Baseball,Raw,5.0,15.0,,8492-120,,,
08/23/2026,1,Player 121,2021,Topps Chrome,,121,Baseball,Raw,5.0,15.0,,8492-121,,,
08/23/2026,1,Player 122,2021,Topps Chrome,,122,Baseball,Raw,5.0,15.0,,8492-122,,,
08/23/2026,1,Player 123,2021,Topps Chrome,,123,Baseball,Raw,5.0,15.0,,8492-123,,,
08/23/2026,1,Player 124,2021,Topps Chrome,,124,Baseball,Raw,5.0,15.0,,8492-124,,,
08/23/2026,1,Player 125,2021,Topps Chrome,,125,Baseball,Raw,5.0,15.0,,8492-125,,,
08/23/2026,1,Player 126,2021,Topps Chrome,,126,Baseball,Raw,5.0,15.0,,8492-126,,,
08/23/2026,1,Player 127,2021,Topps Chrome,,127,Baseball,Raw,5.0,15.0,,8492-127,,,
08/23/2026,1,Player 128,2021,Topps Chrome,,128,Baseball,Raw,5.0,15.0,,8492-128,,,
08/23/2026,1,Player 129,2021,Topps Chrome,,129,Baseball,Raw,5.0,15.0,,8492-129,,,
08/23/2026,1,Player 130,2021,Topps Chrome,,130,Baseball,Raw,5.0,15.0,,8492-130,,,
08/23/2026,1,Player 131,2021,Topps Chrome,,131,Baseball,Raw,5.0,15.0,,8492-131,,,
08/23/2026,1,Player 132,2021,Topps Chrome,,132,Baseball,Raw,5.0,15.0,,8492-132,,,
08/23/2026,1,Player 133,2021,Topps Chrome,,133,Baseball,Raw,5.0,15.0,,8492-133,,,
08/23/2026,1,Player 134,2021,Topps Chrome,,134,Baseball,Raw,5.0,15.0,,8492-134,,,
08/23/2026,1,Player 135,2021,Topps Chrome,,135,Baseball,Raw,5.0,15.0,,8492-135,,,
08/23/2026,1,Player 136,2021,Topps Chrome,,136,Baseball,Raw,5.0,15.0,,8492-136,,,
08/23/2026,1,Player 137,2021,Topps Chrome,,137,Baseball,Raw,5.0,15.0,,8492-137,,,
08/23/2026,1,Player 138,2021,Topps Chrome,,138,Baseball,Raw,5.0,15.0,,8492-138,,,
08/23/2026,1,Player 139,2021,Topps Chrome,,139,Baseball,Raw,5.0,15.0,,8492-139,,,
08/23/2026,1,Player 140,2021,Topps Chrome,,140,Baseball,Raw,5.0,15.0,,8492-140,,,
08/23/2026,1,Player 141,2021,Topps Chrome,,141,Baseball,Raw,5.0,15.0,,8492-141,,,
08/23/2026,1,Player 142,2021,Topps Chrome,,142,Baseball,Raw,5.0,15.0,,8492-142,,,
08/23/2026,1,Player 143,2021,Topps Chrome,,143,Baseball,Raw,5.0,15.0,,8492-143,,,
08/23/2026,1,Player 144,2021,Topps Chrome,,144,Baseball,Raw,5.0,15.0,,8492-144,,,
08/23/2026,1,Player 145,2021,Topps Chrome,,145,Baseball,Raw,5.0,15.0,,8492-145,,,
08/23/2026,1,Player 146,2021,Topps Chrome,,146,Baseball,Raw,5.0,15.0,,8492-146,,,
08/23/2026,1,Player 147,2021,Topps Chrome,,147,Baseball,Raw,5.0,15.0,,8492-147,,,
08/23/2026,1,Player 148,2021,Topps Chrome,,148,Baseball,Raw,5.0,15.0,,8492-148,,,
08/23/2026,1,Player 149,2021,Topps Chrome,,149,Baseball,Raw,5.0,15.0,,8492-149,,,
08/23/2026,1,Player 150,2021,Topps Chrome,,150,Baseball,Raw,5.0,15.0,,8492-150,,,
08/23/2026,1,Player 151,2021,Topps Chrome,,151,Baseball,Raw,5.0,15.0,,8492-151,,,
08/23/2026,1,Player 152,2021,Topps Chrome,,152,Baseball,Raw,5.0,15.0,,8492-152,,,
08/23/2026,1,Player 153,2021,Topps Chrome,,153,Baseball,Raw,5.0,15.0,,8492-153,,,
08/23/2026,1,Player 154,2021,Topps Chrome,,154,Baseball,Raw,5.0,15.0,,8492-154,,,
08/23/2026,1,Player 155,2021,Topps Chrome,,155,Baseball,Raw,5.0,15.0,,8492-155,,,
08/23/2026,1,Player 156,2021,Topps Chrome,,156,Baseball,Raw,5.0,15.0,,8492-156,,,
08/23/2026,1,Player 157,2021,Topps Chrome,,157,Baseball,Raw,5.0,15.0,,8492-157,,,
08/23/2026,1,Player 158,2021,Topps Chrome,,158,Baseball,Raw,5.0,15.0,,8492-158,,,
08/23/2026,1,Player 159,2021,Topps Chrome,,159,Baseball,Raw,5.0,15.0,,8492-159,,,
08/23/2026,1,Player 160,2021,Topps Chrome,,160,Baseball,Raw,5.0,15.0,,8492-160,,,
08/23/2026,1,Player 161,2021,Topps Chrome,,161,Baseball,Raw,5.0,15.0,,8492-161,,,
08/23/2026,1,Player 162,2021,Topps Chrome,,162,Baseball,Raw,5.0,15.0,,8492-162,,,
08/23/2026,1,Player 163,2021,Topps Chrome,,163,Baseball,Raw,5.0,15.0,,8492-163,,,
08/23/2026,1,Player 164,2021,Topps Chrome,,164,Baseball,Raw,5.0,15.0,,8492-164,,,
08/23/2026,1,Player 165,2021,Topps Chrome,,165,Baseball,Raw,5.0,15.0,,8492-165,,,
08/23/2026,1,Player 166,2021,Topps Chrome,,166,Baseball,Raw,5.0,15.0,,8492-166,,,
08/23/2026,1,Player 167,2021,Topps Chrome,,167,Baseball,Raw,5.0,15.0,,8492-167,,,
08/23/2026,1,Player 168,2021,Topps Chrome,,168,Baseball,Raw,5.0,15.0,,8492-168,,,
08/23/2026,1,Player 169,2021,Topps Chrome,,169,Baseball,Raw,5.0,15.0,,8492-169,,,
08/23/2026,1,Player 170,2021,Topps Chrome,,170,Baseball,Raw,5.0,15.0,,8492-170,,,
08/23/2026,1,Player 171,2021,Topps Chrome,,171,Baseball,Raw,5.0,15.0,,8492-171,,,
08/23/2026,1,Player 172,2021,Topps Chrome,,172,Baseball,Raw,5.0,15.0,,8492-172,,,
08/23/2026,1,Player 173,2021,Topps Chrome,,173,Baseball,Raw,5.0,15.0,,8492-173,,,
08/23/2026,1,Player 174,2021,Topps Chrome,,174,Baseball,Raw,5.0,15.0,,8492-174,,,
08/23/2026,1,Player 175,2021,Topps Chrome,,175,Baseball,Raw,5.0,15.0,,8492-175,,,
08/23/2026,1,Player 176,2021,Topps Chrome,,176,Baseball,Raw,5.0,15.0,,8492-176,,,
08/23/2026,1,Player 177,2021,Topps Chrome,,177,Baseball,Raw,5.0,15.0,,8492-177,,,
08/23/2026,1,Player 178,2021,Topps Chrome,,178,Baseball,Raw,5.0,15.0,,8492-178,,,
08/23/2026,1,Player 179,2021,Topps Chrome,,179,Baseball,Raw,5.0,15.0,,8492-179,,,
08/23/2026,1,Player 180,2021,Topps Chrome,,180,Baseball,Raw,5.0,15.0,,8492-180,,,
08/23/2026,1,Player 181,2021,Topps Chrome,,181,Baseball,Raw,5.0,15.0,,8492-181,,,
08/23/2026,1,Player 182,2021,Topps Chrome,,182,Baseball,Raw,5.0,15.0,,8492-182,,,
08/23/2026,1,Player 183,2021,Topps Chrome,,183,Baseball,Raw,5.0,15.0,,8492-183,,,
08/23/2026,1,Player 184,2021,Topps Chrome,,184,Baseball,Raw,5.0,15.0,,8492-184,,,
08/23/2026,1,Player 185,2021,Topps Chrome,,185,Baseball,Raw,5.0,15.0,,8492-185,,,
08/23/2026,1,Player 186,2021,Topps Chrome,,186,Baseball,Raw,5.0,15.0,,8492-186,,,
08/23/2026,1,Player 187,2021,Topps Chrome,,187,Baseball,Raw,5.0,15.0,,8492-187,,,
08/23/2026,1,Player 188,2021,Topps Chrome,,188,Baseball,Raw,5.0,15.0,,8492-188,,,
08/23/2026,1,Player 189,2021,Topps Chrome,,189,Baseball,Raw,5.0,15.0,,8492-189,,,
08/23/2026,1,Player 190,2021,Topps Chrome,,190,Baseball,Raw,5.0,15.0,,8492-190,,,
08/23/2026,1,Player 191,2021,Topps Chrome,,191,Baseball,Raw,5.0,15.0,,8492-191,,,
08/23/2026,1,Player 192,2021,Topps Chrome,,192,Baseball,Raw,5.0,15.0,,8492-192,,,
08/23/2026,1,Player 193,2021,Topps Chrome,,193,Baseball,Raw,5.0,15.0,,8492-193,,,
08/23/2026,1,Player 194,2021,Topps Chrome,,194,Baseball,Raw,5.0,15.0,,8492-194,,,
08/23/2026,1,Player 195,2021,Topps Chrome,,195,Baseball,Raw,5.0,15.0,,8492-195,,,
08/23/2026,1,Player 196,2021,Topps Chrome,,196,Baseball,Raw,5.0,15.0,,8492-196,,,
08/23/2026,1,Player 197,2021,Topps Chrome,,197,Baseball,Raw,5.0,15.0,,8492-197,,,
08/23/2026,1,Player 198,2021,Topps Chrome,,198,Baseball,Raw,5.0,15.0,,8492-198,,,
08/23/2026,1,Player 199,2021,Topps Chrome,,199,Baseball,Raw,5.0,15.0,,8492-199,,,
08/23/2026,1,Player 200,2021,Topps Chrome,,200,Baseball,Raw,5.0,15.0,,8492-200,,,
08/23/2026,1,Player 201,2021,Topps Chrome,,201,Baseball,Raw,5.0,15.0,,8492-201,,,
08/23/2026,1,Player 202,2021,Topps Chrome,,202,Baseball,Raw,5.0,15.0,,8492-202,,,
08/23/2026,1,Player 203,2021,Topps Chrome,,203,Baseball,Raw,5.0,15.0,,8492-203,,,
08/23/2026,1,Player 204,2021,Topps Chrome,,204,Baseball,Raw,5.0,15.0,,8492-204,,,
08/23/2026,1,Player 205,2021,Topps Chrome,,205,Baseball,Raw,5.0,15.0,,8492-205,,,
08/23/2026,1,Player 206,2021,Topps Chrome,,206,Baseball,Raw,5.0,15.0,,8492-206,,,
08/23/2026,1,Player 207,2021,Topps Chrome,,207,Baseball,Raw,5.0,15.0,,8492-207,,,
08/23/2026,1,Player 208,2021,Topps Chrome,,208,Baseball,Raw,5.0,15.0,,8492-208,,,
08/23/2026,1,Player 209,2021,Topps Chrome,,209,Baseball,Raw,5.0,15.0,,8492-209,,,
08/23/2026,1,Player 210,2021,Topps Chrome,,210,Baseball,Raw,5.0,15.0,,8492-210,,,
08/23/2026,1,Player 211,2021,Topps Chrome,,211,Baseball,Raw,5.0,15.0,,8492-211,,,
08/23/2026,1,Player 212,2021,Topps Chrome,,212,Baseball,Raw,5.0,15.0,,8492-212,,,
08/23/2026,1,Player 213,2021,Topps Chrome,,213,Baseball,Raw,5.0,15.0,,8492-213,,,
08/23/2026,1,Player 214,2021,Topps Chrome,,214,Baseball,Raw,5.0,15.0,,8492-214,,,
08/23/2026,1,Player 215,2021,Topps Chrome,,215,Baseball,Raw,5.0,15.0,,8492-215,,,
08/23/2026,1,Player 216,2021,Topps Chrome,,216,Baseball,Raw,5.0,15.0,,8492-216,,,
08/23/2026,1,Player 217,2021,Topps Chrome,,217,Baseball,Raw,5.0,15.0,,8492-217,,,
08/23/2026,1,Player 218,2021,Topps Chrome,,218,Baseball,Raw,5.0,15.0,,8492-218,,,
08/23/2026,1,Player 219,2021,Topps Chrome,,219,Baseball,Raw,5.0,15.0,,8492-219,,,
08/23/2026,1,Player 220,2021,Topps Chrome,,220,Baseball,Raw,5.0,15.0,,8492-220,,,
08/23/2026,1,Player 221,2021,Topps Chrome,,221,Baseball,Raw,5.0,15.0,,8492-221,,,
08/23/2026,1,Player 222,2021,Topps Chrome,,222,Baseball,Raw,5.0,15.0,,8492-222,,,
08/23/2026,1,Player 223,2021,Topps Chrome,,223,Baseball,Raw,5.0,15.0,,8492-223,,,
08/23/2026,1,Player 224,2021,Topps Chrome,,224,Baseball,Raw,5.0,15.0,,8492-224,,,
08/23/2026,1,Player 225,2021,Topps Chrome,,225,Baseball,Raw,5.0,15.0,,8492-225,,,
08/23/2026,1,Player 226,2021,Topps Chrome,,226,Baseball,Raw,5.0,15.0,,8492-226,,,
08/23/2026,1,Player 227,2021,Topps Chrome,,227,Baseball,Raw,5.0,15.0,,8492-227,,,
08/23/2026,1,Player 228,2021,Topps Chrome,,228,Baseball,Raw,5.0,15.0,,8492-228,,,
08/23/2026,1,Player 229,2021,Topps Chrome,,229,Baseball,Raw,5.0,15.0,,8492-229,,,
08/23/2026,1,Player 230,2021,Topps Chrome,,230,Baseball,Raw,5.0,15.0,,8492-230,,,
08/23/2026,1,Player 231,2021,Topps Chrome,,231,Baseball,Raw,5.0,15.0,,8492-231,,,
08/23/2026,1,Player 232,2021,Topps Chrome,,232,Baseball,Raw,5.0,15.0,,8492-232,,,
08/23/2026,1,Player 233,2021,Topps Chrome,,233,Baseball,Raw,5.0,15.0,,8492-233,,,
08/23/2026,1,Player 234,2021,Topps Chrome,,234,Baseball,Raw,5.0,15.0,,8492-234,,,
08/23/2026,1,Player 235,2021,Topps Chrome,,235,Baseball,Raw,5.0,15.0,,8492-235,,,
08/23/2026,1,Player 236,2021,Topps Chrome,,236,Baseball,Raw,5.0,15.0,,8492-236,,,
08/23/2026,1,Player 237,2021,Topps Chrome,,237,Baseball,Raw,5.0,15.0,,8492-237,,,
08/23/2026,1,Player 238,2021,Topps Chrome,,238,Baseball,Raw,5.0,15.0,,8492-238,,,
08/23/2026,1,Player 239,2021,Topps Chrome,,239,Baseball,Raw,5.0,15.0,,8492-239,,,
08/23/2026,1,Player 240,2021,Topps Chrome,,240,Baseball,Raw,5.0,15.0,,8492-240,,,
08/23/2026,1,Player 241,2021,Topps Chrome,,241,Baseball,Raw,5.0,15.0,,8492-241,,,
08/23/2026,1,Player 242,2021,Topps Chrome,,242,Baseball,Raw,5.0,15.0,,8492-242,,,
08/23/2026,1,Player 243,2021,Topps Chrome,,243,Baseball,Raw,5.0,15.0,,8492-243,,,
08/23/2026,1,Player 244,2021,Topps Chrome,,244,Baseball,Raw,5.0,15.0,,8492-244,,,
08/23/2026,1,Player 245,2021,Topps Chrome,,245,Baseball,Raw,5.0,15.0,,8492-245,,,
08/23/2026,1,Player 246,2021,Topps Chrome,,246,Baseball,Raw,5.0,15.0,,8492-246,,,
08/23/2026,1,Player 247,2021,Topps Chrome,,247,Baseball,Raw,5.0,15.0,,8492-247,,,
08/23/2026,1,Player 248,2021,Topps Chrome,,248,Baseball,Raw,5.0,15.0,,8492-248,,,
08/23/2026,1,Player 249,2021,Topps Chrome,,249,Baseball,Raw,5.0,15.0,,8492-249,,,
08/23/2026,1,Player 250,2021,Topps Chrome,,250,Baseball,Raw,5.0,15.0,,8492-250,,,
08/23/2026,1,Player 251,2021,Topps Chrome,,251,Baseball,Raw,5.0,15.0,,8492-251,,,
08/23/2026,1,Player 252,2021,Topps Chrome,,252,Baseball,Raw,5.0,15.0,,8492-252,,,
08/23/2026,1,Player 253,2021,Topps Chrome,,253,Baseball,Raw,5.0,15.0,,8492-253,,,
08/23/2026,1,Player 254,2021,Topps Chrome,,254,Baseball,Raw,5.0,15.0,,8492-254,,,
08/23/2026,1,Player 255,2021,Topps Chrome,,255,Baseball,Raw,5.0,15.0,,8492-255,,,
08/23/2026,1,Player 256,2021,Topps Chrome,,256,Baseball,Raw,5.0,15.0,,8492-256,,,
08/23/2026,1,Player 257,2021,Topps Chrome,,257,Baseball,Raw,5.0,15.0,,8492-257,,,
08/23/2026,1,Player 258,2021,Topps Chrome,,258,Baseball,Raw,5.0,15.0,,8492-258,,,
08/23/2026,1,Player 259,2021,Topps Chrome,,259,Baseball,Raw,5.0,15.0,,8492-259,,,
08/23/2026,1,Player 260,2021,Topps Chrome,,260,Baseball,Raw,5.0,15.0,,8492-260,,,
08/23/2026,1,Player 261,2021,Topps Chrome,,261,Baseball,Raw,5.0,15.0,,8492-261,,,
08/23/2026,1,Player 262,2021,Topps Chrome,,262,Baseball,Raw,5.0,15.0,,8492-262,,,
08/23/2026,1,Player 263,2021,Topps Chrome,,263,Baseball,Raw,5.0,15.0,,8492-263,,,
08/23/2026,1,Player 264,2021,Topps Chrome,,264,Baseball,Raw,5.0,15.0,,8492-264,,,
08/23/2026,1,Player 265,2021,Topps Chrome,,265,Baseball,Raw,5.0,15.0,,8492-265,,,
08/23/2026,1,Player 266,2021,Topps Chrome,,266,Baseball,Raw,5.0,15.0,,8492-266,,,
08/23/2026,1,Player 267,2021,Topps Chrome,,267,Baseball,Raw,5.0,15.0,,8492-267,,,
08/23/2026,1,Player 268,2021,Topps Chrome,,268,Baseball,Raw,5.0,15.0,,8492-268,,,
08/23/2026,1,Player 269,2021,Topps Chrome,,269,Baseball,Raw,5.0,15.0,,8492-269,,,
08/23/2026,1,Player 270,2021,Topps Chrome,,270,Baseball,Raw,5.0,15.0,,8492-270,,,
08/23/2026,1,Player 271,2021,Topps Chrome,,271,Baseball,Raw,5.0,15.0,,8492-271,,,
08/23/2026,1,Player 272,2021,Topps Chrome,,272,Baseball,Raw,5.0,15.0,,8492-272,,,
08/23/2026,1,Player 273,2021,Topps Chrome,,273,Baseball,Raw,5.0,15.0,,8492-273,,,
08/23/2026,1,Player 274,2021,Topps Chrome,,274,Baseball,Raw,5.0,15.0,,8492-274,,,
08/23/2026,1,Player 275,2021,Topps Chrome,,275,Baseball,Raw,5.0,15.0,,8492-275,,,
08/23/2026,1,Player 276,2021,Topps Chrome,,276,Baseball,Raw,5.0,15.0,,8492-276,,,
08/23/2026,1,Player 277,2021,Topps Chrome,,277,Baseball,Raw,5.0,15.0,,8492-277,,,
08/23/2026,1,Player 278,2021,Topps Chrome,,278,Baseball,Raw,5.0,15.0,,8492-278,,,
08/23/2026,1,Player 279,2021,Topps Chrome,,279,Baseball,Raw,5.0,15.0,,8492-279,,,
08/23/2026,1,Player 280,2021,Topps Chrome,,280,Baseball,Raw,5.0,15.0,,8492-280,,,
08/23/2026,1,Player 281,2021,Topps Chrome,,281,Baseball,Raw,5.0,15.0,,8492-281,,,
08/23/2026,1,Player 282,2021,Topps Chrome,,282,Baseball,Raw,5.0,15.0,,8492-282,,,
08/23/2026,1,Player 283,2021,Topps Chrome,,283,Baseball,Raw,5.0,15.0,,8492-283,,,
08/23/2026,1,Player 284,2021,Topps Chrome,,284,Baseball,Raw,5.0,15.0,,8492-284,,,
08/23/2026,1,Player 285,2021,Topps Chrome,,285,Baseball,Raw,5.0,15.0,,8492-285,,,
08/23/2026,1,Player 286,2021,Topps Chrome,,286,Baseball,Raw,5.0,15.0,,8492-286,,,
08/23/2026,1,Player 287,2021,Topps Chrome,,287,Baseball,Raw,5.0,15.0,,8492-287,,,
08/23/2026,1,Player 288,2021,Topps Chrome,,288,Baseball,Raw,5.0,15.0,,8492-288,,,
08/23/2026,1,Player 289,2021,Topps Chrome,,289,Baseball,Raw,5.0,15.0,,8492-289,,,
08/23/2026,1,Player 290,2021,Topps Chrome,,290,Baseball,Raw,5.0,15.0,,8492-290,,,
08/23/2026,1,Player 291,2021,Topps Chrome,,291,Baseball,Raw,5.0,15.0,,8492-291,,,
08/23/2026,1,Player 292,2021,Topps Chrome,,292,Baseball,Raw,5.0,15.0,,8492-292,,,
08/23/2026,1,Player 293,2021,Topps Chrome,,293,Baseball,Raw,5.0,15.0,,8492-293,,,
08/23/2026,1,Player 294,2021,Topps Chrome,,294,Baseball,Raw,5.0,15.0,,8492-294,,,
08/23/2026,1,Player 295,2021,Topps Chrome,,295,Baseball,Raw,5.0,15.0,,8492-295,,,
08/23/2026,1,Player 296,2021,Topps Chrome,,296,Baseball,Raw,5.0,15.0,,8492-296,,,
08/23/2026,1,Player 297,2021,Topps Chrome,,297,Baseball,Raw,5.0,15.0,,8492-297,,,
08/23/2026,1,Player 298,2021,Topps Chrome,,298,Baseball,Raw,5.0,15.0,,8492-298,,,
08/23/2026,1,Player 299,2021,Topps Chrome,,299,Baseball,Raw,5.0,15.0,,8492-299,,,
08/23/2026,1,Player 300,2021,Topps Chrome,,300,Baseball,Raw,5.0,15.0,,8492-300,,,
08/23/2026,1,Player 301,2021,Topps Chrome,,301,Baseball,Raw,5.0,15.0,,8492-301,,,
08/23/2026,1,Player 302,2021,Topps Chrome,,302,Baseball,Raw,5.0,15.0,,8492-302,,,
08/23/2026,1,Player 303,2021,Topps Chrome,,303,Baseball,Raw,5.0,15.0,,8492-303,,,
08/23/2026,1,Player 304,2021,Topps Chrome,,304,Baseball,Raw,5.0,15.0,,8492-304,,,
08/23/2026,1,Player 305,2021,Topps Chrome,,305,Baseball,Raw,5.0,15.0,,8492-305,,,
08/23/2026,1,Player 306,2021,Topps Chrome,,306,Baseball,Raw,5.0,15.0,,8492-306,,,
08/23/2026,1,Player 307,2021,Topps Chrome,,307,Baseball,Raw,5.0,15.0,,8492-307,,,
08/23/2026,1,Player 308,2021,Topps Chrome,,308,Baseball,Raw,5.0,15.0,,8492-308,,,
08/23/2026,1,Player 309,2021,Topps Chrome,,309,Baseball,Raw,5.0,15.0,,8492-309,,,
08/23/2026,1,Player 310,2021,Topps Chrome,,310,Baseball,Raw,5.0,15.0,,8492-310,,,
08/23/2026,1,Player 311,2021,Topps Chrome,,311,Baseball,Raw,5.0,15.0,,8492-311,,,
08/23/2026,1,Player 312,2021,Topps Chrome,,312,Baseball,Raw,5.0,15.0,,8492-312,,,
08/23/2026,1,Player 313,2021,Topps Chrome,,313,Baseball,Raw,5.0,15.0,,8492-313,,,
08/23/2026,1,Player 314,2021,Topps Chrome,,314,Baseball,Raw,5.0,15.0,,8492-314,,,
08/23/2026,1,Player 315,2021,Topps Chrome,,315,Baseball,Raw,5.0,15.0,,8492-315,,,
08/23/2026,1,Player 316,2021,Topps Chrome,,316,Baseball,Raw,5.0,15.0,,8492-316,,,
08/23/2026,1,Player 317,2021,Topps Chrome,,317,Baseball,Raw,5.0,15.0,,8492-317,,,
08/23/2026,1,Player 318,2021,Topps Chrome,,318,Baseball,Raw,5.0,15.0,,8492-318,,,
08/23/2026,1,Player 319,2021,Topps Chrome,,319,Baseball,Raw,5.0,15.0,,8492-319,,,
08/23/2026,1,Player 320,2021,Topps Chrome,,320,Baseball,Raw,5.0,15.0,,8492-320,,,
08/23/2026,1,Player 321,2021,Topps Chrome,,321,Baseball,Raw,5.0,15.0,,8492-321,,,
08/23/2026,1,Player 322,2021,Topps Chrome,,322,Baseball,Raw,5.0,15.0,,8492-322,,,
08/23/2026,1,Player 323,2021,Topps Chrome,,323,Baseball,Raw,5.0,15.0,,8492-323,,,
08/23/2026,1,Player 324,2021,Topps Chrome,,324,Baseball,Raw,5.0,15.0,,8492-324,,,
08/23/2026,1,Player 325,2021,Topps Chrome,,325,Baseball,Raw,5.0,15.0,,8492-325,,,
08/23/2026,1,Player 326,2021,Topps Chrome,,326,Baseball,Raw,5.0,15.0,,8492-326,,,
08/23/2026,1,Player 327,2021,Topps Chrome,,327,Baseball,Raw,5.0,15.0,,8492-327,,,
08/23/2026,1,Player 328,2021,Topps Chrome,,328,Baseball,Raw,5.0,15.0,,8492-328,,,
08/23/2026,1,Player 329,2021,Topps Chrome,,329,Baseball,Raw,5.0,15.0,,8492-329,,,
08/23/2026,1,Player 330,2021,Topps Chrome,,330,Baseball,Raw,5.0,15.0,,8492-330,,,
08/23/2026,1,Player 331,2021,Topps Chrome,,331,Baseball,Raw,5.0,15.0,,8492-331,,,
08/23/2026,1,Player 332,2021,Topps Chrome,,332,Baseball,Raw,5.0,15.0,,8492-332,,,
08/23/2026,1,Player 333,2021,Topps Chrome,,333,Baseball,Raw,5.0,15.0,,8492-333,,,
08/23/2026,1,Player 334,2021,Topps Chrome,,334,Baseball,Raw,5.0,15.0,,8492-334,,,
08/23/2026,1,Player 335,2021,Topps Chrome,,335,Baseball,Raw,5.0,15.0,,8492-335,,,
08/23/2026,1,Player 336,2021,Topps Chrome,,336,Baseball,Raw,5.0,15.0,,8492-336,,,
08/23/2026,1,Player 337,2021,Topps Chrome,,337,Baseball,Raw,5.0,15.0,,8492-337,,,
08/23/2026,1,Player 338,2021,Topps Chrome,,338,Baseball,Raw,5.0,15.0,,8492-338,,,
08/23/2026,1,Player 339,2021,Topps Chrome,,339,Baseball,Raw,5.0,15.0,,8492-339,,,
08/23/2026,1,Player 340,2021,Topps Chrome,,340,Baseball,Raw,5.0,15.0,,8492-340,,,
08/23/2026,1,Player 341,2021,Topps Chrome,,341,Baseball,Raw,5.0,15.0,,8492-341,,,
08/23/2026,1,Player 342,2021,Topps Chrome,,342,Baseball,Raw,5.0,15.0,,8492-342,,,
08/23/2026,1,Player 343,2021,Topps Chrome,,343,Baseball,Raw,5.0,15.0,,8492-343,,,
08/23/2026,1,Player 344,2021,Topps Chrome,,344,Baseball,Raw,5.0,15.0,,8492-344,,,
08/23/2026,1,Player 345,2021,Topps Chrome,,345,Baseball,Raw,5.0,15.0,,8492-345,,,
08/23/2026,1,Player 346,2021,Topps Chrome,,346,Baseball,Raw,5.0,15.0,,8492-346,,,
08/23/2026,1,Player 347,2021,Topps Chrome,,347,Baseball,Raw,5.0,15.0,,8492-347,,,
08/23/2026,1,Player 348,2021,Topps Chrome,,348,Baseball,Raw,5.0,15.0,,8492-348,,,
08/23/2026,1,Player 349,2021,Topps Chrome,,349,Baseball,Raw,5.0,15.0,,8492-349,,,
08/23/2026,1,Player 350,2021,Topps Chrome,,350,Baseball,Raw,5.0,15.0,,8492-350,,,
08/23/2026,1,Player 351,2021,Topps Chrome,,351,Baseball,Raw,5.0,15.0,,8492-351,,,
08/23/2026,1,Player 352,2021,Topps Chrome,,352,Baseball,Raw,5.0,15.0,,8492-352,,,
08/23/2026,1,Player 353,2021,Topps Chrome,,353,Baseball,Raw,5.0,15.0,,8492-353,,,
08/23/2026,1,Player 354,2021,Topps Chrome,,354,Baseball,Raw,5.0,15.0,,8492-354,,,
08/23/2026,1,Player 355,2021,Topps Chrome,,355,Baseball,Raw,5.0,15.0,,8492-355,,,
08/23/2026,1,Player 356,2021,Topps Chrome,,356,Baseball,Raw,5.0,15.0,,8492-356,,,
08/23/2026,1,Player 357,2021,Topps Chrome,,357,Baseball,Raw,5.0,15.0,,8492-357,,,
08/23/2026,1,Player 358,2021,Topps Chrome,,358,Baseball,Raw,5.0,15.0,,8492-358,,,
08/23/2026,1,Player 359,2021,Topps Chrome,,359,Baseball,Raw,5.0,15.0,,8492-359,,,
08/23/2026,1,Player 360,2021,Topps Chrome,,360,Baseball,Raw,5.0,15.0,,8492-360,,,
08/23/2026,1,Player 361,2021,Topps Chrome,,361,Baseball,Raw,5.0,15.0,,8492-361,,,
08/23/2026,1,Player 362,2021,Topps Chrome,,362,Baseball,Raw,5.0,15.0,,8492-362,,,
08/23/2026,1,Player 363,2021,Topps Chrome,,363,Baseball,Raw,5.0,15.0,,8492-363,,,
08/23/2026,1,Player 364,2021,Topps Chrome,,364,Baseball,Raw,5.0,15.0,,8492-364,,,
08/23/2026,1,Player 365,2021,Topps Chrome,,365,Baseball,Raw,5.0,15.0,,8492-365,,,
08/23/2026,1,Player 366,2021,Topps Chrome,,366,Baseball,Raw,5.0,15.0,,8492-366,,,
08/23/2026,1,Player 367,2021,Topps Chrome,,367,Baseball,Raw,5.0,15.0,,8492-367,,,
08/23/2026,1,Player 368,2021,Topps Chrome,,368,Baseball,Raw,5.0,15.0,,8492-368,,,
08/23/2026,1,Player 369,2021,Topps Chrome,,369,Baseball,Raw,5.0,15.0,,8492-369,,,
08/23/2026,1,Player 370,2021,Topps Chrome,,370,Baseball,Raw,5.0,15.0,,8492-370,,,
08/23/2026,1,Player 371,2021,Topps Chrome,,371,Baseball,Raw,5.0,15.0,,8492-371,,,
08/23/2026,1,Player 372,2021,Topps Chrome,,372,Baseball,Raw,5.0,15.0,,8492-372,,,
08/23/2026,1,Player 373,2021,Topps Chrome,,373,Baseball,Raw,5.0,15.0,,8492-373,,,
08/23/2026,1,Player 374,2021,Topps Chrome,,374,Baseball,Raw,5.0,15.0,,8492-374,,,
08/23/2026,1,Player 375,2021,Topps Chrome,,375,Baseball,Raw,5.0,15.0,,8492-375,,,
08/23/2026,1,Player 376,2021,Topps Chrome,,376,Baseball,Raw,5.0,15.0,,8492-376,,,
08/23/2026,1,Player 377,2021,Topps Chrome,,377,Baseball,Raw,5.0,15.0,,8492-377,,,
08/23/2026,1,Player 378,2021,Topps Chrome,,378,Baseball,Raw,5.0,15.0,,8492-378,,,
08/23/2026,1,Player 379,2021,Topps Chrome,,379,Baseball,Raw,5.0,15.0,,8492-379,,,
08/23/2026,1,Player 380,2021,Topps Chrome,,380,Baseball,Raw,5.0,15.0,,8492-380,,,
08/23/2026,1,Player 381,2021,Topps Chrome,,381,Baseball,Raw,5.0,15.0,,8492-381,,,
08/23/2026,1,Player 382,2021,Topps Chrome,,382,Baseball,Raw,5.0,15.0,,8492-382,,,
08/23/2026,1,Player 383,2021,Topps Chrome,,383,Baseball,Raw,5.0,15.0,,8492-383,,,
08/23/2026,1,Player 384,2021,Topps Chrome,,384,Baseball,Raw,5.0,15.0,,8492-384,,,
08/23/2026,1,Player 385,2021,Topps Chrome,,385,Baseball,Raw,5.0,15.0,,8492-385,,,
08/23/2026,1,Player 386,2021,Topps Chrome,,386,Baseball,Raw,5.0,15.0,,8492-386,,,
08/23/2026,1,Player 387,2021,Topps Chrome,,387,Baseball,Raw,5.0,15.0,,8492-387,,,
08/23/2026,1,Player 388,2021,Topps Chrome,,388,Baseball,Raw,5.0,15.0,,8492-388,,,
08/23/2026,1,Player 389,2021,Topps Chrome,,389,Baseball,Raw,5.0,15.0,,8492-389,,,
08/23/2026,1,Player 390,2021,Topps Chrome,,390,Baseball,Raw,5.0,15.0,,8492-390,,,
08/23/2026,1,Player 391,2021,Topps Chrome,,391,Baseball,Raw,5.0,15.0,,8492-391,,,
08/23/2026,1,Player 392,2021,Topps Chrome,,392,Baseball,Raw,5.0,15.0,,8492-392,,,
08/23/2026,1,Player 393,2021,Topps Chrome,,393,Baseball,Raw,5.0,15.0,,8492-393,,,
08/23/2026,1,Player 394,2021,Topps Chrome,,394,Baseball,Raw,5.0,15.0,,8492-394,,,
08/23/2026,1,Player 395,2021,Topps Chrome,,395,Baseball,Raw,5.0,15.0,,8492-395,,,
08/23/2026,1,Player 396,2021,Topps Chrome,,396,Baseball,Raw,5.0,15.0,,8492-396,,,
08/23/2026,1,Player 397,2021,Topps Chrome,,397,Baseball,Raw,5.0,15.0,,8492-397,,,
08/23/2026,1,Player 398,2021,Topps Chrome,,398,Baseball,Raw,5.0,15.0,,8492-398,,,
08/23/2026,1,Player 399,2021,Topps Chrome,,399,Baseball,Raw,5.0,15.0,,8492-399,,,
08/23/2026,1,Player 400,2021,Topps Chrome,,400,Baseball,Raw,5.0,15.0,,8492-400,,,
08/23/2026,1,Player 401,2021,Topps Chrome,,401,Baseball,Raw,5.0,15.0,,8492-401,,,
08/23/2026,1,Player 402,2021,Topps Chrome,,402,Baseball,Raw,5.0,15.0,,8492-402,,,
08/23/2026,1,Player 403,2021,Topps Chrome,,403,Baseball,Raw,5.0,15.0,,8492-403,,,
08/23/2026,1,Player 404,2021,Topps Chrome,,404,Baseball,Raw,5.0,15.0,,8492-404,,,
08/23/2026,1,Player 405,2021,Topps Chrome,,405,Baseball,Raw,5.0,15.0,,8492-405,,,
08/23/2026,1,Player 406,2021,Topps Chrome,,406,Baseball,Raw,5.0,15.0,,8492-406,,,
08/23/2026,1,Player 407,2021,Topps Chrome,,407,Baseball,Raw,5.0,15.0,,8492-407,,,
08/23/2026,1,Player 408,2021,Topps Chrome,,408,Baseball,Raw,5.0,15.0,,8492-408,,,
08/23/2026,1,Player 409,2021,Topps Chrome,,409,Baseball,Raw,5.0,15.0,,8492-409,,,
08/23/2026,1,Player 410,2021,Topps Chrome,,410,Baseball,Raw,5.0,15.0,,8492-410,,,
08/23/2026,1,Player 411,2021,Topps Chrome,,411,Baseball,Raw,5.0,15.0,,8492-411,,,
08/23/2026,1,Player 412,2021,Topps Chrome,,412,Baseball,Raw,5.0,15.0,,8492-412,,,
08/23/2026,1,Player 413,2021,Topps Chrome,,413,Baseball,Raw,5.0,15.0,,8492-413,,,
08/23/2026,1,Player 414,2021,Topps Chrome,,414,Baseball,Raw,5.0,15.0,,8492-414,,,
08/23/2026,1,Player 415,2021,Topps Chrome,,415,Baseball,Raw,5.0,15.0,,8492-415,,,
08/23/2026,1,Player 416,2021,Topps Chrome,,416,Baseball,Raw,5.0,15.0,,8492-416,,,
08/23/2026,1,Player 417,2021,Topps Chrome,,417,Baseball,Raw,5.0,15.0,,8492-417,,,
08/23/2026,1,Player 418,2021,Topps Chrome,,418,Baseball,Raw,5.0,15.0,,8492-418,,,
08/23/2026,1,Player 419,2021,Topps Chrome,,419,Baseball,Raw,5.0,15.0,,8492-419,,,
08/23/2026,1,Player 420,2021,Topps Chrome,,420,Baseball,Raw,5.0,15.0,,8492-420,,,
08/23/2026,1,Player 421,2021,Topps Chrome,,421,Baseball,Raw,5.0,15.0,,8492-421,,,
08/23/2026,1,Player 422,2021,Topps Chrome,,422,Baseball,Raw,5.0,15.0,,8492-422,,,
08/23/2026,1,Player 423,2021,Topps Chrome,,423,Baseball,Raw,5.0,15.0,,8492-423,,,
08/23/2026,1,Player 424,2021,Topps Chrome,,424,Baseball,Raw,5.0,15.0,,8492-424,,,
08/23/2026,1,Player 425,2021,Topps Chrome,,425,Baseball,Raw,5.0,15.0,,8492-425,,,
08/23/2026,1,Player 426,2021,Topps Chrome,,426,Baseball,Raw,5.0,15.0,,8492-426,,,
08/23/2026,1,Player 427,2021,Topps Chrome,,427,Baseball,Raw,5.0,15.0,,8492-427,,,
08/23/2026,1,Player 428,2021,Topps Chrome,,428,Baseball,Raw,5.0,15.0,,8492-428,,,
08/23/2026,1,Player 429,2021,Topps Chrome,,429,Baseball,Raw,5.0,15.0,,8492-429,,,
08/23/2026,1,Player 430,2021,Topps Chrome,,430,Baseball,Raw,5.0,15.0,,8492-430,,,
08/23/2026,1,Player 431,2021,Topps Chrome,,431,Baseball,Raw,5.0,15.0,,8492-431,,,
08/23/2026,1,Player 432,2021,Topps Chrome,,432,Baseball,Raw,5.0,15.0,,8492-432,,,
08/23/2026,1,Player 433,2021,Topps Chrome,,433,Baseball,Raw,5.0,15.0,,8492-433,,,
08/23/2026,1,Player 434,2021,Topps Chrome,,434,Baseball,Raw,5.0,15.0,,8492-434,,,
08/23/2026,1,Player 435,2021,Topps Chrome,,435,Baseball,Raw,5.0,15.0,,8492-435,,,
08/23/2026,1,Player 436,2021,Topps Chrome,,436,Baseball,Raw,5.0,15.0,,8492-436,,,
08/23/2026,1,Player 437,2021,Topps Chrome,,437,Baseball,Raw,5.0,15.0,,8492-437,,,
08/23/2026,1,Player 438,2021,Topps Chrome,,438,Baseball,Raw,5.0,15.0,,8492-438,,,
08/23/2026,1,Player 439,2021,Topps Chrome,,439,Baseball,Raw,5.0,15.0,,8492-439,,,
08/23/2026,1,Player 440,2021,Topps Chrome,,440,Baseball,Raw,5.0,15.0,,8492-440,,,
08/23/2026,1,Player 441,2021,Topps Chrome,,441,Baseball,Raw,5.0,15.0,,8492-441,,,
08/23/2026,1,Player 442,2021,Topps Chrome,,442,Baseball,Raw,5.0,15.0,,8492-442,,,
08/23/2026,1,Player 443,2021,Topps Chrome,,443,Baseball,Raw,5.0,15.0,,8492-443,,,
08/23/2026,1,Player 444,2021,Topps Chrome,,444,Baseball,Raw,5.0,15.0,,8492-444,,,
08/23/2026,1,Player 445,2021,Topps Chrome,,445,Baseball,Raw,5.0,15.0,,8492-445,,,
08/23/2026,1,Player 446,2021,Topps Chrome,,446,Baseball,Raw,5.0,15.0,,8492-446,,,
08/23/2026,1,Player 447,2021,Topps Chrome,,447,Baseball,Raw,5.0,15.0,,8492-447,,,
08/23/2026,1,Player 448,2021,Topps Chrome,,448,Baseball,Raw,5.0,15.0,,8492-448,,,
08/23/2026,1,Player 449,2021,Topps Chrome,,449,Baseball,Raw,5.0,15.0,,8492-449,,,
08/23/2026,1,Player 450,2021,Topps Chrome,,450,Baseball,Raw,5.0,15.0,,8492-450,,,
08/23/2026,1,Player 451,2021,Topps Chrome,,451,Baseball,Raw,5.0,15.0,,8492-451,,,
08/23/2026,1,Player 452,2021,Topps Chrome,,452,Baseball,Raw,5.0,15.0,,8492-452,,,
08/23/2026,1,Player 453,2021,Topps Chrome,,453,Baseball,Raw,5.0,15.0,,8492-453,,,
08/23/2026,1,Player 454,2021,Topps Chrome,,454,Baseball,Raw,5.0,15.0,,8492-454,,,
08/23/2026,1,Player 455,2021,Topps Chrome,,455,Baseball,Raw,5.0,15.0,,8492-455,,,
08/23/2026,1,Player 456,2021,Topps Chrome,,456,Baseball,Raw,5.0,15.0,,8492-456,,,
08/23/2026,1,Player 457,2021,Topps Chrome,,457,Baseball,Raw,5.0,15.0,,8492-457,,,
08/23/2026,1,Player 458,2021,Topps Chrome,,458,Baseball,Raw,5.0,15.0,,8492-458,,,
08/23/2026,1,Player 459,2021,Topps Chrome,,459,Baseball,Raw,5.0,15.0,,8492-459,,,
08/23/2026,1,Player 460,2021,Topps Chrome,,460,Baseball,Raw,5.0,15.0,,8492-460,,,
08/23/2026,1,Player 461,2021,Topps Chrome,,461,Baseball,Raw,5.0,15.0,,8492-461,,,
08/23/2026,1,Player 462,2021,Topps Chrome,,462,Baseball,Raw,5.0,15.0,,8492-462,,,
08/23/2026,1,Player 463,2021,Topps Chrome,,463,Baseball,Raw,5.0,15.0,,8492-463,,,
08/23/2026,1,Player 464,2021,Topps Chrome,,464,Baseball,Raw,5.0,15.0,,8492-464,,,
08/23/2026,1,Player 465,2021,Topps Chrome,,465,Baseball,Raw,5.0,15.0,,8492-465,,,
08/23/2026,1,Player 466,2021,Topps Chrome,,466,Baseball,Raw,5.0,15.0,,8492-466,,,
08/23/2026,1,Player 467,2021,Topps Chrome,,467,Baseball,Raw,5.0,15.0,,8492-467,,,
08/23/2026,1,Player 468,2021,Topps Chrome,,468,Baseball,Raw,5.0,15.0,,8492-468,,,
08/23/2026,1,Player 469,2021,Topps Chrome,,469,Baseball,Raw,5.0,15.0,,8492-469,,,
08/23/2026,1,Player 470,2021,Topps Chrome,,470,Baseball,Raw,5.0,15.0,,8492-470,,,
08/23/2026,1,Player 471,2021,Topps Chrome,,471,Baseball,Raw,5.0,15.0,,8492-471,,,
08/23/2026,1,Player 472,2021,Topps Chrome,,472,Baseball,Raw,5.0,15.0,,8492-472,,,
08/23/2026,1,Player 473,2021,Topps Chrome,,473,Baseball,Raw,5.0,15.0,,8492-473,,,
08/23/2026,1,Player 474,2021,Topps Chrome,,474,Baseball,Raw,5.0,15.0,,8492-474,,,
08/23/2026,1,Player 475,2021,Topps Chrome,,475,Baseball,Raw,5.0,15.0,,8492-475,,,
08/23/2026,1,Player 476,2021,Topps Chrome,,476,Baseball,Raw,5.0,15.0,,8492-476,,,
08/23/2026,1,Player 477,2021,Topps Chrome,,477,Baseball,Raw,5.0,15.0,,8492-477,,,
08/23/2026,1,Player 478,2021,Topps Chrome,,478,Baseball,Raw,5.0,15.0,,8492-478,,,
08/23/2026,1,Player 479,2021,Topps Chrome,,479,Baseball,Raw,5.0,15.0,,8492-479,,,
08/23/2026,1,Player 480,2021,Topps Chrome,,480,Baseball,Raw,5.0,15.0,,8492-480,,,
08/23/2026,1,Player 481,2021,Topps Chrome,,481,Baseball,Raw,5.0,15.0,,8492-481,,,
08/23/2026,1,Player 482,2021,Topps Chrome,,482,Baseball,Raw,5.0,15.0,,8492-482,,,
08/23/2026,1,Player 483,2021,Topps Chrome,,483,Baseball,Raw,5.0,15.0,,8492-483,,,
08/23/2026,1,Player 484,2021,Topps Chrome,,484,Baseball,Raw,5.0,15.0,,8492-484,,,
08/23/2026,1,Player 485,2021,Topps Chrome,,485,Baseball,Raw,5.0,15.0,,8492-485,,,
08/23/2026,1,Player 486,2021,Topps Chrome,,486,Baseball,Raw,5.0,15.0,,8492-486,,,
08/23/2026,1,Player 487,2021,Topps Chrome,,487,Baseball,Raw,5.0,15.0,,8492-487,,,
08/23/2026,1,Player 488,2021,Topps Chrome,,488,Baseball,Raw,5.0,15.0,,8492-488,,,
08/23/2026,1,Player 489,2021,Topps Chrome,,489,Baseball,Raw,5.0,15.0,,8492-489,,,
08/23/2026,1,Player 490,2021,Topps Chrome,,490,Baseball,Raw,5.0,15.0,,8492-490,,,
08/23/2026,1,Player 491,2021,Topps Chrome,,491,Baseball,Raw,5.0,15.0,,8492-491,,,
08/23/2026,1,Player 492,2021,Topps Chrome,,492,Baseball,Raw,5.0,15.0,,8492-492,,,
08/23/2026,1,Player 493,2021,Topps Chrome,,493,Baseball,Raw,5.0,15.0,,8492-493,,,
08/23/2026,1,Player 494,2021,Topps Chrome,,494,Baseball,Raw,5.0,15.0,,8492-494,,,
08/23/2026,1,Player 495,2021,Topps Chrome,,495,Baseball,Raw,5.0,15.0,,8492-495,,,
08/23/2026,1,Player 496,2021,Topps Chrome,,496,Baseball,Raw,5.0,15.0,,8492-496,,,
08/23/2026,1,Player 497,2021,Topps Chrome,,497,Baseball,Raw,5.0,15.0,,8492-497,,,
08/23/2026,1,Player 498,2021,Topps Chrome,,498,Baseball,Raw,5.0,15.0,,8492-498,,,
08/23/2026,1,Player 499,2021,Topps Chrome,,499,Baseball,Raw,5.0,15.0,,8492-499,,,
08/23/2026,1,Player 500,2021,Topps Chrome,,500,Baseball,Raw,5.0,15.0,,8492-500,,,
